Title,Description,Duration in timestamp,Video url
Heart of Midlothian 3-0 Falkirk | HIGHLIGHTS | William Hill Premiership,"League leaders Hearts put on a terrific Tynecastle display as they put Falkirk to the sword - results elsewhere means that the William Hill Premiership title race goes to the final day as a titanic encounter at Celtic Park awaits.

Subscribe to the SPFL YouTube here!: http://goo.gl/jq3jXN
Like us on Facebook: http://www.facebook.com/spflofficial
Follow us on Twitter: https://twitter.com/spfl & https://twitter.com/spflnews

SCOTTISH PREMIERSHIP CONTENT AVAILABILITY INFORMATION - GOALS FROM SATURDAY'S MATCHES WILL BE AVAILABLE IN THE UK & IRELAND FROM 6PM ON SUNDAY. 
GOALS FROM ALL OTHER MATCHDAYS WILL BE AVAILABLE TO VIEW WORLDWIDE FROM MIDNIGHT AFTER THE MATCH.

The SPFL is the leading sporting competition in Scotland, covering the top 42 football teams in the country. Subscribe to the official SPFL YouTube channel to make sure you catch all the best bits from Scottish league football. Scottish football is famous for passionate and exciting matches featuring top teams like Celtic, Rangers, Aberdeen, Hearts, Hibs and Dundee United.

The top league is called the Scottish Premiership. Below the top level, there are a further three leagues -- the Scottish Championship, Scottish League 1 and Scottish League 2.",06:25,https://www.youtube.com/watch?v=g373M-2w_40
Motherwell 1-1 Heart of Midlothian | HIGHLIGHTS | William Hill Premiership,"Heart of Midlothian were held to a draw with Motherwell in a breathless Fir Park encounter. Stephen Kingsley's own goal put the Steelmen ahead only for Lawrence Shankland to equalise before the break.

Subscribe to the SPFL YouTube here!: http://goo.gl/jq3jXN
Like us on Facebook: http://www.facebook.com/spflofficial
Follow us on Twitter: https://twitter.com/spfl & https://twitter.com/spflnews

SCOTTISH PREMIERSHIP CONTENT AVAILABILITY INFORMATION - GOALS FROM SATURDAY'S MATCHES WILL BE AVAILABLE IN THE UK & IRELAND FROM 6PM ON SUNDAY. 
GOALS FROM ALL OTHER MATCHDAYS WILL BE AVAILABLE TO VIEW WORLDWIDE FROM MIDNIGHT AFTER THE MATCH.

The SPFL is the leading sporting competition in Scotland, covering the top 42 football teams in the country. Subscribe to the official SPFL YouTube channel to make sure you catch all the best bits from Scottish league football. Scottish football is famous for passionate and exciting matches featuring top teams like Celtic, Rangers, Aberdeen, Hearts, Hibs and Dundee United.

The top league is called the Scottish Premiership. Below the top level, there are a further three leagues -- the Scottish Championship, Scottish League 1 and Scottish League 2.",05:21,https://www.youtube.com/watch?v=H492sYH1GH8
Heart of Midlothian 2-1 Rangers | HIGHLIGHTS | William Hill Premiership,"A stunning second-half comeback saw Hearts make a statement of intent as Lawrence Shankland's winner sends the league leaders seven points clear of Rangers and three points clear of Celtic with just three games remaining in the William Hill Premiership.

Subscribe to the SPFL YouTube here!: http://goo.gl/jq3jXN
Like us on Facebook: http://www.facebook.com/spflofficial
Follow us on Twitter: https://twitter.com/spfl & https://twitter.com/spflnews

SCOTTISH PREMIERSHIP CONTENT AVAILABILITY INFORMATION - GOALS FROM SATURDAY'S MATCHES WILL BE AVAILABLE IN THE UK & IRELAND FROM 6PM ON SUNDAY. 
GOALS FROM ALL OTHER MATCHDAYS WILL BE AVAILABLE TO VIEW WORLDWIDE FROM MIDNIGHT AFTER THE MATCH.

The SPFL is the leading sporting competition in Scotland, covering the top 42 football teams in the country. Subscribe to the official SPFL YouTube channel to make sure you catch all the best bits from Scottish league football. Scottish football is famous for passionate and exciting matches featuring top teams like Celtic, Rangers, Aberdeen, Hearts, Hibs and Dundee United.

The top league is called the Scottish Premiership. Below the top level, there are a further three leagues -- the Scottish Championship, Scottish League 1 and Scottish League 2.",04:40,https://www.youtube.com/watch?v=neLQfKfXeeg
Hibernian 1-2 Heart of Midlothian | HIGHLIGHTS | William Hill Premiership,"Blair Spittal was the Edinburgh Derby hero for Heart of Midlothian against nine-man Hibernian at Easter Road. Martin Boyle fired the hosts into the lead on his final derby appearance for Hibs but goalkeeper Raphael Sallinger soon saw red for handling the ball outside the box. Hibernian were under further pressure early in the second half when Felix Passlack recieved a second yellow for a high challenge bringing the home side down to nine men. Lawrence Shankland forced the ball home to bring Hearts level and it was Spittal who netted the winner minutes from time to ensure Derek McInnes' men maintained their three points lead at the top of the William Hill Premiership with four games to go.

Subscribe to the SPFL YouTube here!: http://goo.gl/jq3jXN
Like us on Facebook: http://www.facebook.com/spflofficial
Follow us on Twitter: https://twitter.com/spfl & https://twitter.com/spflnews

SCOTTISH PREMIERSHIP CONTENT AVAILABILITY INFORMATION - GOALS FROM SATURDAY'S MATCHES WILL BE AVAILABLE IN THE UK & IRELAND FROM 6PM ON SUNDAY. 
GOALS FROM ALL OTHER MATCHDAYS WILL BE AVAILABLE TO VIEW WORLDWIDE FROM MIDNIGHT AFTER THE MATCH.

The SPFL is the leading sporting competition in Scotland, covering the top 42 football teams in the country. Subscribe to the official SPFL YouTube channel to make sure you catch all the best bits from Scottish league football. Scottish football is famous for passionate and exciting matches featuring top teams like Celtic, Rangers, Aberdeen, Hearts, Hibs and Dundee United.

The top league is called the Scottish Premiership. Below the top level, there are a further three leagues -- the Scottish Championship, Scottish League 1 and Scottish League 2.",06:46,https://www.youtube.com/watch?v=sJ-T11k9zmM
Heart of Midlothian 3-1 Motherwell | HIGHLIGHTS | William Hill Premiership,"Two late goals at Tynecastle kept Hearts in control of the title race. Emmanuel Longelo scored shortly after half-time to put the visitors ahead before Claudio Braga pulled one back. VAR awarded a penalty in the 88th minute which Lawrence Shankland duly slotted home before Pierre Landy Kabore made no doubt in stoppage time.

Subscribe to the SPFL YouTube here!: http://goo.gl/jq3jXN
Like us on Facebook: http://www.facebook.com/spflofficial
Follow us on Twitter: https://twitter.com/spfl & https://twitter.com/spflnews

SCOTTISH PREMIERSHIP CONTENT AVAILABILITY INFORMATION - GOALS FROM SATURDAY'S MATCHES WILL BE AVAILABLE IN THE UK & IRELAND FROM 6PM ON SUNDAY. 
GOALS FROM ALL OTHER MATCHDAYS WILL BE AVAILABLE TO VIEW WORLDWIDE FROM MIDNIGHT AFTER THE MATCH.

The SPFL is the leading sporting competition in Scotland, covering the top 42 football teams in the country. Subscribe to the official SPFL YouTube channel to make sure you catch all the best bits from Scottish league football. Scottish football is famous for passionate and exciting matches featuring top teams like Celtic, Rangers, Aberdeen, Hearts, Hibs and Dundee United.

The top league is called the Scottish Premiership. Below the top level, there are a further three leagues -- the Scottish Championship, Scottish League 1 and Scottish League 2.",06:33,https://www.youtube.com/watch?v=phNr4HZfBh4
Livingston 2-2 Heart of Midlothian | HIGHLIGHTS | William Hill Premiership,"Hearts saw their lead at the top of the William Hill Premiership Table cut to just one point as they were held to a draw in West Lothian. The hosts took the lead early on through Stevie May but were pegged back by Lawrence Shankland who got his first goal since January. The league leaders went ahead through Claudio Braga in the second half but Lewis Smith's equaliser proved clinical as the match finished level.

Subscribe to the SPFL YouTube here!: http://goo.gl/jq3jXN
Like us on Facebook: http://www.facebook.com/spflofficial
Follow us on Twitter: https://twitter.com/spfl & https://twitter.com/spflnews

SCOTTISH PREMIERSHIP CONTENT AVAILABILITY INFORMATION - GOALS FROM SATURDAY'S MATCHES WILL BE AVAILABLE IN THE UK & IRELAND FROM 6PM ON SUNDAY. 
GOALS FROM ALL OTHER MATCHDAYS WILL BE AVAILABLE TO VIEW WORLDWIDE FROM MIDNIGHT AFTER THE MATCH.

The SPFL is the leading sporting competition in Scotland, covering the top 42 football teams in the country. Subscribe to the official SPFL YouTube channel to make sure you catch all the best bits from Scottish league football. Scottish football is famous for passionate and exciting matches featuring top teams like Celtic, Rangers, Aberdeen, Hearts, Hibs and Dundee United.

The top league is called the Scottish Premiership. Below the top level, there are a further three leagues -- the Scottish Championship, Scottish League 1 and Scottish League 2.",06:02,https://www.youtube.com/watch?v=-uJcerPFU_g
Kilmarnock 1-0 Heart of Midlothian | HIGHLIGHTS | William Hill Premiership,"Upset at Rugby Park as eleventh place Kilmarnock stunned the league leaders Heart of Midlothian. An early goal from Schjonning-Larsen was enough to separate the two sides, dealing a heavy blow to Hearts title challenge and inspiring hope for Killie who look to avoid the relegation play offs.

Subscribe to the SPFL YouTube here!: http://goo.gl/jq3jXN
Like us on Facebook: http://www.facebook.com/spflofficial
Follow us on Twitter: https://twitter.com/spfl & https://twitter.com/spflnews

SCOTTISH PREMIERSHIP CONTENT AVAILABILITY INFORMATION - GOALS FROM SATURDAY'S MATCHES WILL BE AVAILABLE IN THE UK & IRELAND FROM 6PM ON SUNDAY. 
GOALS FROM ALL OTHER MATCHDAYS WILL BE AVAILABLE TO VIEW WORLDWIDE FROM MIDNIGHT AFTER THE MATCH.

The SPFL is the leading sporting competition in Scotland, covering the top 42 football teams in the country. Subscribe to the official SPFL YouTube channel to make sure you catch all the best bits from Scottish league football. Scottish football is famous for passionate and exciting matches featuring top teams like Celtic, Rangers, Aberdeen, Hearts, Hibs and Dundee United.

The top league is called the Scottish Premiership. Below the top level, there are a further three leagues -- the Scottish Championship, Scottish League 1 and Scottish League 2.",04:12,https://www.youtube.com/watch?v=nPWDcXZ7m-c
Heart of Midlothian 1-0 Aberdeen | HIGHLIGHTS | William Hill Premiership,"Claudio Braga’s 12th league goal of the season saw Heart of Midlothian edge out Aberdeen and stretch their lead at the top of the William Hill Premiership table. Pierre Landry Kabore set up Braga just before the half hour mark and that strike proved to be enough to defeat the Dons at Tynecastle.

Subscribe to the SPFL YouTube here!: http://goo.gl/jq3jXN
Like us on Facebook: http://www.facebook.com/spflofficial
Follow us on Twitter: https://twitter.com/spfl & https://twitter.com/spflnews

SCOTTISH PREMIERSHIP CONTENT AVAILABILITY INFORMATION - GOALS FROM SATURDAY'S MATCHES WILL BE AVAILABLE IN THE UK & IRELAND FROM 6PM ON SUNDAY. 
GOALS FROM ALL OTHER MATCHDAYS WILL BE AVAILABLE TO VIEW WORLDWIDE FROM MIDNIGHT AFTER THE MATCH.

The SPFL is the leading sporting competition in Scotland, covering the top 42 football teams in the country. Subscribe to the official SPFL YouTube channel to make sure you catch all the best bits from Scottish league football. Scottish football is famous for passionate and exciting matches featuring top teams like Celtic, Rangers, Aberdeen, Hearts, Hibs and Dundee United.

The top league is called the Scottish Premiership. Below the top level, there are a further three leagues -- the Scottish Championship, Scottish League 1 and Scottish League 2.",04:29,https://www.youtube.com/watch?v=LHRxQLw6mJQ
Heart of Midlothian 1-0 Falkirk | HIGHLIGHTS | William Hill Premiership,"Heart of Midlothian responded to last week's defeat by defeating Falkirk 1-0 at Tynecastle. January signing Islam Chesnokov scored his first goal for the club to give Derek McInnes' men all three points, becoming the first Kazakh scorer in Scotland's top flight.

Subscribe to the SPFL YouTube here!: http://goo.gl/jq3jXN
Like us on Facebook: http://www.facebook.com/spflofficial
Follow us on Twitter: https://twitter.com/spfl & https://twitter.com/spflnews

SCOTTISH PREMIERSHIP CONTENT AVAILABILITY INFORMATION - GOALS FROM SATURDAY'S MATCHES WILL BE AVAILABLE IN THE UK & IRELAND FROM 6PM ON SUNDAY. 
GOALS FROM ALL OTHER MATCHDAYS WILL BE AVAILABLE TO VIEW WORLDWIDE FROM MIDNIGHT AFTER THE MATCH.

The SPFL is the leading sporting competition in Scotland, covering the top 42 football teams in the country. Subscribe to the official SPFL YouTube channel to make sure you catch all the best bits from Scottish league football. Scottish football is famous for passionate and exciting matches featuring top teams like Celtic, Rangers, Aberdeen, Hearts, Hibs and Dundee United.

The top league is called the Scottish Premiership. Below the top level, there are a further three leagues -- the Scottish Championship, Scottish League 1 and Scottish League 2.",04:33,https://www.youtube.com/watch?v=kPaZOJlVNL4
Rangers 4-2 Heart of Midlothian | HIGHLIGHTS | William Hill Premiership,"Youssef Chermiti was the hat-trick hero as Rangers beat league leaders Hearts at Ibrox. Marc Leonard and Claudio Braga scored for Hearts in a pulsating first half with four goals in the opening 40 minutes. Chermiti made it 2-2 before a second-half double completed his treble.

Subscribe to the SPFL YouTube here!: http://goo.gl/jq3jXN
Like us on Facebook: http://www.facebook.com/spflofficial
Follow us on Twitter: https://twitter.com/spfl & https://twitter.com/spflnews

SCOTTISH PREMIERSHIP CONTENT AVAILABILITY INFORMATION - GOALS FROM SATURDAY'S MATCHES WILL BE AVAILABLE IN THE UK & IRELAND FROM 6PM ON SUNDAY. 
GOALS FROM ALL OTHER MATCHDAYS WILL BE AVAILABLE TO VIEW WORLDWIDE FROM MIDNIGHT AFTER THE MATCH.

The SPFL is the leading sporting competition in Scotland, covering the top 42 football teams in the country. Subscribe to the official SPFL YouTube channel to make sure you catch all the best bits from Scottish league football. Scottish football is famous for passionate and exciting matches featuring top teams like Celtic, Rangers, Aberdeen, Hearts, Hibs and Dundee United.

The top league is called the Scottish Premiership. Below the top level, there are a further three leagues -- the Scottish Championship, Scottish League 1 and Scottish League 2.",05:54,https://www.youtube.com/watch?v=qxdW9gz66Vk
Heart of Midlothian 1-0 Hibernian | HIGHLIGHTS | William Hill Premiership,"A fiery Edinburgh derby under the lights saw the league leaders Hearts extend their gap at the top, after a late winner from super sub Tomas Magnusson.

Subscribe to the SPFL YouTube here!: http://goo.gl/jq3jXN
Like us on Facebook: http://www.facebook.com/spflofficial
Follow us on Twitter: https://twitter.com/spfl & https://twitter.com/spflnews

SCOTTISH PREMIERSHIP CONTENT AVAILABILITY INFORMATION - GOALS FROM SATURDAY'S MATCHES WILL BE AVAILABLE IN THE UK & IRELAND FROM 6PM ON SUNDAY. 
GOALS FROM ALL OTHER MATCHDAYS WILL BE AVAILABLE TO VIEW WORLDWIDE FROM MIDNIGHT AFTER THE MATCH.

The SPFL is the leading sporting competition in Scotland, covering the top 42 football teams in the country. Subscribe to the official SPFL YouTube channel to make sure you catch all the best bits from Scottish league football. Scottish football is famous for passionate and exciting matches featuring top teams like Celtic, Rangers, Aberdeen, Hearts, Hibs and Dundee United.

The top league is called the Scottish Premiership. Below the top level, there are a further three leagues -- the Scottish Championship, Scottish League 1 and Scottish League 2.",04:22,https://www.youtube.com/watch?v=amKKVLyc9_4
St. Mirren 1-0 Heart of Midlothian | HIGHLIGHTS | William Hill Premiership,"St Mirren left it late to secure victory against ten-man Heart of Midlothian. Craig Halkett saw red for a last ditch challenge on Jacob Devaney as he looked to break into the box. Derek McInnes' men held out for a further 57 minutes before Miguel Freckleton found the late winner from a corner to give Saints their first win in 8 league games.

Subscribe to the SPFL YouTube here!: http://goo.gl/jq3jXN
Like us on Facebook: http://www.facebook.com/spflofficial
Follow us on Twitter: https://twitter.com/spfl & https://twitter.com/spflnews

SCOTTISH PREMIERSHIP CONTENT AVAILABILITY INFORMATION - GOALS FROM SATURDAY'S MATCHES WILL BE AVAILABLE IN THE UK & IRELAND FROM 6PM ON SUNDAY. 
GOALS FROM ALL OTHER MATCHDAYS WILL BE AVAILABLE TO VIEW WORLDWIDE FROM MIDNIGHT AFTER THE MATCH.

The SPFL is the leading sporting competition in Scotland, covering the top 42 football teams in the country. Subscribe to the official SPFL YouTube channel to make sure you catch all the best bits from Scottish league football. Scottish football is famous for passionate and exciting matches featuring top teams like Celtic, Rangers, Aberdeen, Hearts, Hibs and Dundee United.

The top league is called the Scottish Premiership. Below the top level, there are a further three leagues -- the Scottish Championship, Scottish League 1 and Scottish League 2.",05:52,https://www.youtube.com/watch?v=EijWwFOe-Pw
Dundee United 0-3 Heart of Midlothian | HIGHLIGHTS | William Hill Premiership,"Top of the table Hearts show no signs of slowing down in the William Hill Premiership title race, putting 3 past a 9 man Dundee United. Pierre Landry Kabore scored twice while Alexandros Kyziridis netted from the spot for Derek McInnes' men at Tannadice.

Subscribe to the SPFL YouTube here!: http://goo.gl/jq3jXN
Like us on Facebook: http://www.facebook.com/spflofficial
Follow us on Twitter: https://twitter.com/spfl & https://twitter.com/spflnews

SCOTTISH PREMIERSHIP CONTENT AVAILABILITY INFORMATION - GOALS FROM SATURDAY'S MATCHES WILL BE AVAILABLE IN THE UK & IRELAND FROM 6PM ON SUNDAY. 
GOALS FROM ALL OTHER MATCHDAYS WILL BE AVAILABLE TO VIEW WORLDWIDE FROM MIDNIGHT AFTER THE MATCH.

The SPFL is the leading sporting competition in Scotland, covering the top 42 football teams in the country. Subscribe to the official SPFL YouTube channel to make sure you catch all the best bits from Scottish league football. Scottish football is famous for passionate and exciting matches featuring top teams like Celtic, Rangers, Aberdeen, Hearts, Hibs and Dundee United.

The top league is called the Scottish Premiership. Below the top level, there are a further three leagues -- the Scottish Championship, Scottish League 1 and Scottish League 2.",06:14,https://www.youtube.com/watch?v=q3asPqDJkuU
Heart of Midlothian 2-2 Celtic | HIGHLIGHTS | William Hill Premiership,"League leaders Hearts came back twice to earn a point at Tynecastle. Benjamin Nygren's superb free kick opened the scoring before Stuart Findlay headed home an equaliser. Yang got on the end of debutant Tomáš Čvančara's cross to restore Celtic's lead. Auston Trusty saw red for denying Landry Kabore's run on goal and Claudio Braga took advantage late on to secure a draw.

Subscribe to the SPFL YouTube here!: http://goo.gl/jq3jXN
Like us on Facebook: http://www.facebook.com/spflofficial
Follow us on Twitter: https://twitter.com/spfl & https://twitter.com/spflnews

SCOTTISH PREMIERSHIP CONTENT AVAILABILITY INFORMATION - GOALS FROM SATURDAY'S MATCHES WILL BE AVAILABLE IN THE UK & IRELAND FROM 6PM ON SUNDAY. 
GOALS FROM ALL OTHER MATCHDAYS WILL BE AVAILABLE TO VIEW WORLDWIDE FROM MIDNIGHT AFTER THE MATCH.

The SPFL is the leading sporting competition in Scotland, covering the top 42 football teams in the country. Subscribe to the official SPFL YouTube channel to make sure you catch all the best bits from Scottish league football. Scottish football is famous for passionate and exciting matches featuring top teams like Celtic, Rangers, Aberdeen, Hearts, Hibs and Dundee United.

The top league is called the Scottish Premiership. Below the top level, there are a further three leagues -- the Scottish Championship, Scottish League 1 and Scottish League 2.",05:50,https://www.youtube.com/watch?v=LyBRECzXGfw
Heart of Midlothian 2-0 St. Mirren | HIGHLIGHTS | William Hill Premiership,"A resilient Hearts won a second consecutive game while down to ten men. It was a nightmare start for the Jam Tarts as Beni Baningime was shown a red card in the opening 15 minutes. St. Mirren had two efforts ruled out before goals from Lawrence Shankland and Tomas Magnusson ensured the league leaders retained their six-point advantage at the top.

Subscribe to the SPFL YouTube here!: http://goo.gl/jq3jXN
Like us on Facebook: http://www.facebook.com/spflofficial
Follow us on Twitter: https://twitter.com/spfl & https://twitter.com/spflnews

SCOTTISH PREMIERSHIP CONTENT AVAILABILITY INFORMATION - GOALS FROM SATURDAY'S MATCHES WILL BE AVAILABLE IN THE UK & IRELAND FROM 6PM ON SUNDAY. 
GOALS FROM ALL OTHER MATCHDAYS WILL BE AVAILABLE TO VIEW WORLDWIDE FROM MIDNIGHT AFTER THE MATCH.

The SPFL is the leading sporting competition in Scotland, covering the top 42 football teams in the country. Subscribe to the official SPFL YouTube channel to make sure you catch all the best bits from Scottish league football. Scottish football is famous for passionate and exciting matches featuring top teams like Celtic, Rangers, Aberdeen, Hearts, Hibs and Dundee United.

The top league is called the Scottish Premiership. Below the top level, there are a further three leagues -- the Scottish Championship, Scottish League 1 and Scottish League 2.",06:09,https://www.youtube.com/watch?v=2mFDkw4VBC8
Dundee 0-1 Heart of Midlothian | HIGHLIGHTS | William Hill Premiership,"An incredible stoppage-time save from substitute goalkeeper Craig Gordon ensured league leaders Hearts left Dens Park with all three points. Claudio Braga got the only goal of the game after a quickly-taken free-kick, while goalkeeper Alexander Schwolow was sent off for a challenge after an on-field monitor review. 43-year-old Gordon had to be at his best to deny the hosts.

Subscribe to the SPFL YouTube here!: http://goo.gl/jq3jXN
Like us on Facebook: http://www.facebook.com/spflofficial
Follow us on Twitter: https://twitter.com/spfl & https://twitter.com/spflnews

SCOTTISH PREMIERSHIP CONTENT AVAILABILITY INFORMATION - GOALS FROM SATURDAY'S MATCHES WILL BE AVAILABLE IN THE UK & IRELAND FROM 6PM ON SUNDAY. 
GOALS FROM ALL OTHER MATCHDAYS WILL BE AVAILABLE TO VIEW WORLDWIDE FROM MIDNIGHT AFTER THE MATCH.

The SPFL is the leading sporting competition in Scotland, covering the top 42 football teams in the country. Subscribe to the official SPFL YouTube channel to make sure you catch all the best bits from Scottish league football. Scottish football is famous for passionate and exciting matches featuring top teams like Celtic, Rangers, Aberdeen, Hearts, Hibs and Dundee United.

The top league is called the Scottish Premiership. Below the top level, there are a further three leagues -- the Scottish Championship, Scottish League 1 and Scottish League 2.",06:27,https://www.youtube.com/watch?v=rgnYXE5gM98
Heart of Midlothian 1-0 Livingston | HIGHLIGHTS | William Hill Premiership,"Craig Halkett's goal was the difference at Tynecastle as Hearts extended their lead at the top to six points.

Subscribe to the SPFL YouTube here!: http://goo.gl/jq3jXN
Like us on Facebook: http://www.facebook.com/spflofficial
Follow us on Twitter: https://twitter.com/spfl & https://twitter.com/spflnews

SCOTTISH PREMIERSHIP CONTENT AVAILABILITY INFORMATION - GOALS FROM SATURDAY'S MATCHES WILL BE AVAILABLE IN THE UK & IRELAND FROM 6PM ON SUNDAY. 
GOALS FROM ALL OTHER MATCHDAYS WILL BE AVAILABLE TO VIEW WORLDWIDE FROM MIDNIGHT AFTER THE MATCH.

The SPFL is the leading sporting competition in Scotland, covering the top 42 football teams in the country. Subscribe to the official SPFL YouTube channel to make sure you catch all the best bits from Scottish league football. Scottish football is famous for passionate and exciting matches featuring top teams like Celtic, Rangers, Aberdeen, Hearts, Hibs and Dundee United.

The top league is called the Scottish Premiership. Below the top level, there are a further three leagues -- the Scottish Championship, Scottish League 1 and Scottish League 2.",05:46,https://www.youtube.com/watch?v=LWY02yWtF04
Hibernian 3-2 Heart of Midlothian | HIGHLIGHTS | William Hill Premiership,"A Christmas Cracker in the capital saw Hibernian storm into a three-goal lead before their city rivals fought back and almost steal a point near the end.

Subscribe to the SPFL YouTube here!: http://goo.gl/jq3jXN
Like us on Facebook: http://www.facebook.com/spflofficial
Follow us on Twitter: https://twitter.com/spfl & https://twitter.com/spflnews

SCOTTISH PREMIERSHIP CONTENT AVAILABILITY INFORMATION - GOALS FROM SATURDAY'S MATCHES WILL BE AVAILABLE IN THE UK & IRELAND FROM 6PM ON SUNDAY. 
GOALS FROM ALL OTHER MATCHDAYS WILL BE AVAILABLE TO VIEW WORLDWIDE FROM MIDNIGHT AFTER THE MATCH.

The SPFL is the leading sporting competition in Scotland, covering the top 42 football teams in the country. Subscribe to the official SPFL YouTube channel to make sure you catch all the best bits from Scottish league football. Scottish football is famous for passionate and exciting matches featuring top teams like Celtic, Rangers, Aberdeen, Hearts, Hibs and Dundee United.

The top league is called the Scottish Premiership. Below the top level, there are a further three leagues -- the Scottish Championship, Scottish League 1 and Scottish League 2.",06:27,https://www.youtube.com/watch?v=wg8NNxOniJ4
Heart of Midlothian 2-1 Rangers | HIGHLIGHTS | William Hill Premiership,"Hearts secured Christmas No.1 as Lawrence Shankland’s 80th goal for Hearts was the difference at Tynecastle. Bojan Miovski’s opener was ruled out by VAR for offside before Stuart Findlay headered home for the league leaders. Shankland’s superb finish at the near post doubled their lead, and it looked comfortable until Youssef Chermiti scored a late consolation goal. Danny Röhl’s first league defeat as Rangers manager leaves them 12 points behind Derek McInnes’ side.

Subscribe to the SPFL YouTube here!: http://goo.gl/jq3jXN
Like us on Facebook: http://www.facebook.com/spflofficial
Follow us on Twitter: https://twitter.com/spfl & https://twitter.com/spflnews

SCOTTISH PREMIERSHIP CONTENT AVAILABILITY INFORMATION - GOALS FROM SATURDAY'S MATCHES WILL BE AVAILABLE IN THE UK & IRELAND FROM 6PM ON SUNDAY. 
GOALS FROM ALL OTHER MATCHDAYS WILL BE AVAILABLE TO VIEW WORLDWIDE FROM MIDNIGHT AFTER THE MATCH.

The SPFL is the leading sporting competition in Scotland, covering the top 42 football teams in the country. Subscribe to the official SPFL YouTube channel to make sure you catch all the best bits from Scottish league football. Scottish football is famous for passionate and exciting matches featuring top teams like Celtic, Rangers, Aberdeen, Hearts, Hibs and Dundee United.

The top league is called the Scottish Premiership. Below the top level, there are a further three leagues -- the Scottish Championship, Scottish League 1 and Scottish League 2.",06:17,https://www.youtube.com/watch?v=C7uTghovr_k
Falkirk 0-2 Heart of Midlothian | HIGHLIGHTS | William Hill Premiership,"Hearts extended their lead at the top of the table to six points at a wet and windy Falkirk Stadium. The visitors went in front early on after Lawrence Shankland’s powerful strike rebounded off the bar and into the path of Claudio Braga, who duly slotted past a helpless Scott Bain. A stunning strike from substitute Stephen Kingsley sealed an impressive victory for Derek McInnes’ side.

Subscribe to the SPFL YouTube here!: http://goo.gl/jq3jXN
Like us on Facebook: http://www.facebook.com/spflofficial
Follow us on Twitter: https://twitter.com/spfl & https://twitter.com/spflnews

SCOTTISH PREMIERSHIP CONTENT AVAILABILITY INFORMATION - GOALS FROM SATURDAY'S MATCHES WILL BE AVAILABLE IN THE UK & IRELAND FROM 6PM ON SUNDAY. 
GOALS FROM ALL OTHER MATCHDAYS WILL BE AVAILABLE TO VIEW WORLDWIDE FROM MIDNIGHT AFTER THE MATCH.

The SPFL is the leading sporting competition in Scotland, covering the top 42 football teams in the country. Subscribe to the official SPFL YouTube channel to make sure you catch all the best bits from Scottish league football. Scottish football is famous for passionate and exciting matches featuring top teams like Celtic, Rangers, Aberdeen, Hearts, Hibs and Dundee United.

The top league is called the Scottish Premiership. Below the top level, there are a further three leagues -- the Scottish Championship, Scottish League 1 and Scottish League 2.",04:41,https://www.youtube.com/watch?v=DEYHRllPgzA
Celtic 1-2 Heart of Midlothian | HIGHLIGHTS | William Hill Premiership,"Hearts moved three points clear at the top of the William Hill Premiership as new Celtic boss Wilfried Nancy tasted defeat in his first match in charge. Goals from Claudio Braga and Oisin McEntee earned Derek McInnes’ side all three points. Kieran Tierney’s stoppage time goal was too late to inspire a comeback for the reigning champions.

Subscribe to the SPFL YouTube here!: http://goo.gl/jq3jXN
Like us on Facebook: http://www.facebook.com/spflofficial
Follow us on Twitter: https://twitter.com/spfl & https://twitter.com/spflnews

SCOTTISH PREMIERSHIP CONTENT AVAILABILITY INFORMATION - GOALS FROM SATURDAY'S MATCHES WILL BE AVAILABLE IN THE UK & IRELAND FROM 6PM ON SUNDAY. 
GOALS FROM ALL OTHER MATCHDAYS WILL BE AVAILABLE TO VIEW WORLDWIDE FROM MIDNIGHT AFTER THE MATCH.

The SPFL is the leading sporting competition in Scotland, covering the top 42 football teams in the country. Subscribe to the official SPFL YouTube channel to make sure you catch all the best bits from Scottish league football. Scottish football is famous for passionate and exciting matches featuring top teams like Celtic, Rangers, Aberdeen, Hearts, Hibs and Dundee United.

The top league is called the Scottish Premiership. Below the top level, there are a further three leagues -- the Scottish Championship, Scottish League 1 and Scottish League 2.",05:26,https://www.youtube.com/watch?v=15QxKoKuDnE
Hearts 1-1 Kilmarnock | HIGHLIGHTS | William Hill Premiership,"A last minute Bruce Anderson equaliser earned Kilmarnock a point at Tynecastle and consigned Hearts to a fourth straight game without a win.  A cute Lawrence Shankland finish just after half-time looked to have secured the 3 points for Derel McInnes’ side, but they were denied right at the death when Alexander Schwolow was unable to deal with a long range Liam Polworth strike and Anderson tucked away the rebound to the delight of the travelling Killie support. Hearts remain top of the William Hill Premiership, but now only on goal difference from champions Celtic who have a game in hand.

Subscribe to the SPFL YouTube here!: http://goo.gl/jq3jXN
Like us on Facebook: http://www.facebook.com/spflofficial
Follow us on Twitter: https://twitter.com/spfl & https://twitter.com/spflnews

SCOTTISH PREMIERSHIP CONTENT AVAILABILITY INFORMATION - GOALS FROM SATURDAY'S MATCHES WILL BE AVAILABLE IN THE UK & IRELAND FROM 6PM ON SUNDAY. 
GOALS FROM ALL OTHER MATCHDAYS WILL BE AVAILABLE TO VIEW WORLDWIDE FROM MIDNIGHT AFTER THE MATCH.

The SPFL is the leading sporting competition in Scotland, covering the top 42 football teams in the country. Subscribe to the official SPFL YouTube channel to make sure you catch all the best bits from Scottish league football. Scottish football is famous for passionate and exciting matches featuring top teams like Celtic, Rangers, Aberdeen, Hearts, Hibs and Dundee United.

The top league is called the Scottish Premiership. Below the top level, there are a further three leagues -- the Scottish Championship, Scottish League 1 and Scottish League 2.",05:31,https://www.youtube.com/watch?v=MThZumwz-y0
Motherwell 0 - 0 Heart of Midlothian | HIGHLIGHTS | William Hill Premiership,"The 'Well climbed up to third in the William Hill Premiership with a point earned at home to the league leaders. The away side had the linesman to thank as Motherwell had the ball in the back of the net twice. 

Subscribe to the SPFL YouTube here!: http://goo.gl/jq3jXN
Like us on Facebook: http://www.facebook.com/spflofficial
Follow us on Twitter: https://twitter.com/spfl & https://twitter.com/spflnews

SCOTTISH PREMIERSHIP CONTENT AVAILABILITY INFORMATION - GOALS FROM SATURDAY'S MATCHES WILL BE AVAILABLE IN THE UK & IRELAND FROM 6PM ON SUNDAY. 
GOALS FROM ALL OTHER MATCHDAYS WILL BE AVAILABLE TO VIEW WORLDWIDE FROM MIDNIGHT AFTER THE MATCH.

The SPFL is the leading sporting competition in Scotland, covering the top 42 football teams in the country. Subscribe to the official SPFL YouTube channel to make sure you catch all the best bits from Scottish league football. Scottish football is famous for passionate and exciting matches featuring top teams like Celtic, Rangers, Aberdeen, Hearts, Hibs and Dundee United.

The top league is called the Scottish Premiership. Below the top level, there are a further three leagues -- the Scottish Championship, Scottish League 1 and Scottish League 2.",05:16,https://www.youtube.com/watch?v=W73xOYO1fN4
Aberdeen 1 - 0 Heart of Midlothian | HIGHLIGHTS | William Hill Premiership,"A resilient Aberdeen hold out for three points at home against the league leaders, as a first half Topi Keskinen strike means that Hearts suffer their first league defeat of the season.

Subscribe to the SPFL YouTube here!: http://goo.gl/jq3jXN
Like us on Facebook: http://www.facebook.com/spflofficial
Follow us on Twitter: https://twitter.com/spfl & https://twitter.com/spflnews

SCOTTISH PREMIERSHIP CONTENT AVAILABILITY INFORMATION - GOALS FROM SATURDAY'S MATCHES WILL BE AVAILABLE IN THE UK & IRELAND FROM 6PM ON SUNDAY. 
GOALS FROM ALL OTHER MATCHDAYS WILL BE AVAILABLE TO VIEW WORLDWIDE FROM MIDNIGHT AFTER THE MATCH.

The SPFL is the leading sporting competition in Scotland, covering the top 42 football teams in the country. Subscribe to the official SPFL YouTube channel to make sure you catch all the best bits from Scottish league football. Scottish football is famous for passionate and exciting matches featuring top teams like Celtic, Rangers, Aberdeen, Hearts, Hibs and Dundee United.

The top league is called the Scottish Premiership. Below the top level, there are a further three leagues -- the Scottish Championship, Scottish League 1 and Scottish League 2.",04:01,https://www.youtube.com/watch?v=XgMlYz0OOMA
Heart of Midlothian 1-1 Dundee United | HIGHLIGHTS | William Hill Premiership,"Hearts dropped points at Tynecastle for the first time since August. Yevhenii Kucherenko spilled Alexandros Kyziridis’s effort into his own net and the league leaders went in front. Luca Stephenson pulled one back with a great header from a corner to equalise for the visitors. Zac Sapsford and Amar Fateh had goals ruled out by the assistant referee, and United had to settle for a point.

Subscribe to the SPFL YouTube here!: http://goo.gl/jq3jXN
Like us on Facebook: http://www.facebook.com/spflofficial
Follow us on Twitter: https://twitter.com/spfl & https://twitter.com/spflnews

SCOTTISH PREMIERSHIP CONTENT AVAILABILITY INFORMATION - GOALS FROM SATURDAY'S MATCHES WILL BE AVAILABLE IN THE UK & IRELAND FROM 6PM ON SUNDAY. 
GOALS FROM ALL OTHER MATCHDAYS WILL BE AVAILABLE TO VIEW WORLDWIDE FROM MIDNIGHT AFTER THE MATCH.

The SPFL is the leading sporting competition in Scotland, covering the top 42 football teams in the country. Subscribe to the official SPFL YouTube channel to make sure you catch all the best bits from Scottish league football. Scottish football is famous for passionate and exciting matches featuring top teams like Celtic, Rangers, Aberdeen, Hearts, Hibs and Dundee United.

The top league is called the Scottish Premiership. Below the top level, there are a further three leagues -- the Scottish Championship, Scottish League 1 and Scottish League 2.",05:56,https://www.youtube.com/watch?v=6ec0ZVA1TgQ
Heart of Midlothian 4-0 Dundee | HIGHLIGHTS | William Hill Premiership,"With Celtic in Premier Sports Cup action, Hearts took their chance to extend their lead at the top of the William Hill Premiership to nine points. Lawrence Shankland fired a terrific shot past Jon McCracken to take the lead at Tynecastle before Pierre Landry Kaboré doubled the home side’s lead, taking advantage after some confusion from a corner kick. A terrific effort from Blair Spittal was tipped onto the bar by McCracken but Kaboré was quick to the rebound to extend Hearts’ lead. Tomas Magnusson rounded off proceedings with his first goal in maroon and the Jambos’ title charge continues.

Subscribe to the SPFL YouTube here!: http://goo.gl/jq3jXN
Like us on Facebook: http://www.facebook.com/spflofficial
Follow us on Twitter: https://twitter.com/spfl & https://twitter.com/spflnews

SCOTTISH PREMIERSHIP CONTENT AVAILABILITY INFORMATION - GOALS FROM SATURDAY'S MATCHES WILL BE AVAILABLE IN THE UK & IRELAND FROM 6PM ON SUNDAY. 
GOALS FROM ALL OTHER MATCHDAYS WILL BE AVAILABLE TO VIEW WORLDWIDE FROM MIDNIGHT AFTER THE MATCH.

The SPFL is the leading sporting competition in Scotland, covering the top 42 football teams in the country. Subscribe to the official SPFL YouTube channel to make sure you catch all the best bits from Scottish league football. Scottish football is famous for passionate and exciting matches featuring top teams like Celtic, Rangers, Aberdeen, Hearts, Hibs and Dundee United.

The top league is called the Scottish Premiership. Below the top level, there are a further three leagues -- the Scottish Championship, Scottish League 1 and Scottish League 2.",05:39,https://www.youtube.com/watch?v=CvYM4NH3ZOc
St. Mirren 2-2 Heart of Midlothian | HIGHLIGHTS | William Hill Premiership,"An enthralling encounter could have gone either way, with both sides having goals ruled out. St Mirren ended Hearts' six-game winning streak in a thrilling Scottish Premiership match. 

Hearts twice came from behind and had a potential late winner, resulting in their Scottish Premiership lead being cut to six points.

Subscribe to the SPFL YouTube here!: http://goo.gl/jq3jXN
Like us on Facebook: http://www.facebook.com/spflofficial
Follow us on Twitter: https://twitter.com/spfl & https://twitter.com/spflnews

SCOTTISH PREMIERSHIP CONTENT AVAILABILITY INFORMATION - GOALS FROM SATURDAY'S MATCHES WILL BE AVAILABLE IN THE UK & IRELAND FROM 6PM ON SUNDAY. 
GOALS FROM ALL OTHER MATCHDAYS WILL BE AVAILABLE TO VIEW WORLDWIDE FROM MIDNIGHT AFTER THE MATCH.

The SPFL is the leading sporting competition in Scotland, covering the top 42 football teams in the country. Subscribe to the official SPFL YouTube channel to make sure you catch all the best bits from Scottish league football. Scottish football is famous for passionate and exciting matches featuring top teams like Celtic, Rangers, Aberdeen, Hearts, Hibs and Dundee United.

The top league is called the Scottish Premiership. Below the top level, there are a further three leagues -- the Scottish Championship, Scottish League 1 and Scottish League 2.",06:36,https://www.youtube.com/watch?v=xRaG7VV0HfU
Heart of Midlothian 3-1 Celtic | HIGHLIGHTS | William Hill Premiership,"Heart of Midlothian opened up an eight points gap at the top of the William Hill Premiership after a 3-1 win over Champions Celtic. An early own goal from Dane Murray gave Hearts the lead before Calum McGregor equalised minutes later. Alexandros Kyziridis put the home side back in front with a superb strike before Lawrence Shankland converted from the spot to secure a massive win for the league leaders.

Subscribe to the SPFL YouTube here!: http://goo.gl/jq3jXN
Like us on Facebook: http://www.facebook.com/spflofficial
Follow us on Twitter: https://twitter.com/spfl & https://twitter.com/spflnews

SCOTTISH PREMIERSHIP CONTENT AVAILABILITY INFORMATION - GOALS FROM SATURDAY'S MATCHES WILL BE AVAILABLE IN THE UK & IRELAND FROM 6PM ON SUNDAY. 
GOALS FROM ALL OTHER MATCHDAYS WILL BE AVAILABLE TO VIEW WORLDWIDE FROM MIDNIGHT AFTER THE MATCH.

The SPFL is the leading sporting competition in Scotland, covering the top 42 football teams in the country. Subscribe to the official SPFL YouTube channel to make sure you catch all the best bits from Scottish league football. Scottish football is famous for passionate and exciting matches featuring top teams like Celtic, Rangers, Aberdeen, Hearts, Hibs and Dundee United.

The top league is called the Scottish Premiership. Below the top level, there are a further three leagues -- the Scottish Championship, Scottish League 1 and Scottish League 2.",05:30,https://www.youtube.com/watch?v=LXlr-7YCnPg
Kilmarnock 0-3 Heart of Midlothian | HIGHLIGHTS | William Hill Premiership,"Hearts’ made it five wins in a row with a dominant away performance in Ayrshire to remain top of the William Hill Premiership. Craig Halkett opened the scoring inside 20 minutes before Claudio Braga bagged a second-half brace to continue their unbeaten start in the league.

Subscribe to the SPFL YouTube here!: http://goo.gl/jq3jXN
Like us on Facebook: http://www.facebook.com/spflofficial
Follow us on Twitter: https://twitter.com/spfl & https://twitter.com/spflnews

SCOTTISH PREMIERSHIP CONTENT AVAILABILITY INFORMATION - GOALS FROM SATURDAY'S MATCHES WILL BE AVAILABLE IN THE UK & IRELAND FROM 6PM ON SUNDAY. 
GOALS FROM ALL OTHER MATCHDAYS WILL BE AVAILABLE TO VIEW WORLDWIDE FROM MIDNIGHT AFTER THE MATCH.

The SPFL is the leading sporting competition in Scotland, covering the top 42 football teams in the country. Subscribe to the official SPFL YouTube channel to make sure you catch all the best bits from Scottish league football. Scottish football is famous for passionate and exciting matches featuring top teams like Celtic, Rangers, Aberdeen, Hearts, Hibs and Dundee United.

The top league is called the Scottish Premiership. Below the top level, there are a further three leagues -- the Scottish Championship, Scottish League 1 and Scottish League 2.",05:34,https://www.youtube.com/watch?v=zZsbv3NpWTU
Heart of Midlothian 1-0 Hibernian | HIGHLIGHTS | William Hill Premiership,"A tense Tynecastle turned into celebrations as Craig Halkett’s injury-time winner meant that the Jambos earned bragging rights after the first Edinburgh derby of the season. Martin Boyle hit the woodwork and also had a goal ruled out for the visitors but it was Derek McInnes’ side who remain top of the William Hill Premiership.

Subscribe to the SPFL YouTube here!: http://goo.gl/jq3jXN
Like us on Facebook: http://www.facebook.com/spflofficial
Follow us on Twitter: https://twitter.com/spfl & https://twitter.com/spflnews

SCOTTISH PREMIERSHIP CONTENT AVAILABILITY INFORMATION - GOALS FROM SATURDAY'S MATCHES WILL BE AVAILABLE IN THE UK & IRELAND FROM 6PM ON SUNDAY. 
GOALS FROM ALL OTHER MATCHDAYS WILL BE AVAILABLE TO VIEW WORLDWIDE FROM MIDNIGHT AFTER THE MATCH.

The SPFL is the leading sporting competition in Scotland, covering the top 42 football teams in the country. Subscribe to the official SPFL YouTube channel to make sure you catch all the best bits from Scottish league football. Scottish football is famous for passionate and exciting matches featuring top teams like Celtic, Rangers, Aberdeen, Hearts, Hibs and Dundee United.

The top league is called the Scottish Premiership. Below the top level, there are a further three leagues -- the Scottish Championship, Scottish League 1 and Scottish League 2.",04:44,https://www.youtube.com/watch?v=EEJRsF5FXR0
Heart of Midlothian 3-0 Falkirk | HIGHLIGHTS | William Hill Premiership,"Hearts went top of the William Hill Premiership as Lawrence Shankland became the top goalscorer in the SPFL era. Alexandros Kyziridis and Craig Halkett also scored for Derek McInnes' men.

Subscribe to the SPFL YouTube here!: http://goo.gl/jq3jXN
Like us on Facebook: http://www.facebook.com/spflofficial
Follow us on Twitter: https://twitter.com/spfl & https://twitter.com/spflnews

SCOTTISH PREMIERSHIP CONTENT AVAILABILITY INFORMATION - GOALS FROM SATURDAY'S MATCHES WILL BE AVAILABLE IN THE UK & IRELAND FROM 6PM ON SUNDAY. 
GOALS FROM ALL OTHER MATCHDAYS WILL BE AVAILABLE TO VIEW WORLDWIDE FROM MIDNIGHT AFTER THE MATCH.

The SPFL is the leading sporting competition in Scotland, covering the top 42 football teams in the country. Subscribe to the official SPFL YouTube channel to make sure you catch all the best bits from Scottish league football. Scottish football is famous for passionate and exciting matches featuring top teams like Celtic, Rangers, Aberdeen, Hearts, Hibs and Dundee United.

The top league is called the Scottish Premiership. Below the top level, there are a further three leagues -- the Scottish Championship, Scottish League 1 and Scottish League 2.",05:27,https://www.youtube.com/watch?v=qHL1reXn0vM
Rangers 0-2 Heart of Midlothian | HIGHLIGHTS | William Hill Premiership,"Heart of Midlothian made a triumphant return to the top of the William Hill Premiership and put themselves nine points clear of Rangers after just five matches.. Lawrence Shankland was heavily linked with a move to Ibrox last season and he was at the double for Derek McInnes side with a tidy finish in the first half and converting a penalty in the second. Russell Martin will be looking for answers as his side have yet to win in the league.

Subscribe to the SPFL YouTube here!: http://goo.gl/jq3jXN
Like us on Facebook: http://www.facebook.com/spflofficial
Follow us on Twitter: https://twitter.com/spfl & https://twitter.com/spflnews

SCOTTISH PREMIERSHIP CONTENT AVAILABILITY INFORMATION - GOALS FROM SATURDAY'S MATCHES WILL BE AVAILABLE IN THE UK & IRELAND FROM 6PM ON SUNDAY. 
GOALS FROM ALL OTHER MATCHDAYS WILL BE AVAILABLE TO VIEW WORLDWIDE FROM MIDNIGHT AFTER THE MATCH.

The SPFL is the leading sporting competition in Scotland, covering the top 42 football teams in the country. Subscribe to the official SPFL YouTube channel to make sure you catch all the best bits from Scottish league football. Scottish football is famous for passionate and exciting matches featuring top teams like Celtic, Rangers, Aberdeen, Hearts, Hibs and Dundee United.

The top league is called the Scottish Premiership. Below the top level, there are a further three leagues -- the Scottish Championship, Scottish League 1 and Scottish League 2.",05:46,https://www.youtube.com/watch?v=6hBHUMjhll4
Livingston 1-2 Heart of Midlothian | HIGHLIGHTS | William Hill Premiership,"A stoppage-time winner from Alexandros Kyziridis saw Derek McInnes’ side take all three points at The Home of the Set Fare Arena.

Subscribe to the SPFL YouTube here!: http://goo.gl/jq3jXN
Like us on Facebook: http://www.facebook.com/spflofficial
Follow us on Twitter: https://twitter.com/spfl & https://twitter.com/spflnews

SCOTTISH PREMIERSHIP CONTENT AVAILABILITY INFORMATION - GOALS FROM SATURDAY'S MATCHES WILL BE AVAILABLE IN THE UK & IRELAND FROM 6PM ON SUNDAY. 
GOALS FROM ALL OTHER MATCHDAYS WILL BE AVAILABLE TO VIEW WORLDWIDE FROM MIDNIGHT AFTER THE MATCH.

The SPFL is the leading sporting competition in Scotland, covering the top 42 football teams in the country. Subscribe to the official SPFL YouTube channel to make sure you catch all the best bits from Scottish league football. Scottish football is famous for passionate and exciting matches featuring top teams like Celtic, Rangers, Aberdeen, Hearts, Hibs and Dundee United.

The top league is called the Scottish Premiership. Below the top level, there are a further three leagues -- the Scottish Championship, Scottish League 1 and Scottish League 2.",04:40,https://www.youtube.com/watch?v=BP6PBAKm-GI
Heart of Midlothian 3-3 Motherwell | HIGHLIGHTS | William Hill Premiership,"A Claudio Braga brace saw Hearts battle their way from 3-0 down to earn a point after a dramatic 3-3 draw at Tynecastle.

Subscribe to the SPFL YouTube here!: http://goo.gl/jq3jXN
Like us on Facebook: http://www.facebook.com/spflofficial
Follow us on Twitter: https://twitter.com/spfl & https://twitter.com/spflnews

SCOTTISH PREMIERSHIP CONTENT AVAILABILITY INFORMATION - GOALS FROM SATURDAY'S MATCHES WILL BE AVAILABLE IN THE UK & IRELAND FROM 6PM ON SUNDAY. 
GOALS FROM ALL OTHER MATCHDAYS WILL BE AVAILABLE TO VIEW WORLDWIDE FROM MIDNIGHT AFTER THE MATCH.

The SPFL is the leading sporting competition in Scotland, covering the top 42 football teams in the country. Subscribe to the official SPFL YouTube channel to make sure you catch all the best bits from Scottish league football. Scottish football is famous for passionate and exciting matches featuring top teams like Celtic, Rangers, Aberdeen, Hearts, Hibs and Dundee United.

The top league is called the Scottish Premiership. Below the top level, there are a further three leagues -- the Scottish Championship, Scottish League 1 and Scottish League 2.",05:38,https://www.youtube.com/watch?v=e3lFfwgVH8U
Dundee United 2-3 Heart of Midlothian | HIGHLIGHTS | William Hill Premiership,"After trailing 2-1 at halftime, Hearts secured a second-half comeback win with two goals from Stuart Findlay, including a 94th-minute winner!

Subscribe to the SPFL YouTube here!: http://goo.gl/jq3jXN
Like us on Facebook: http://www.facebook.com/spflofficial
Follow us on Twitter: https://twitter.com/spfl & https://twitter.com/spflnews

SCOTTISH PREMIERSHIP CONTENT AVAILABILITY INFORMATION - GOALS FROM SATURDAY'S MATCHES WILL BE AVAILABLE IN THE UK & IRELAND FROM 6PM ON SUNDAY. 
GOALS FROM ALL OTHER MATCHDAYS WILL BE AVAILABLE TO VIEW WORLDWIDE FROM MIDNIGHT AFTER THE MATCH.

The SPFL is the leading sporting competition in Scotland, covering the top 42 football teams in the country. Subscribe to the official SPFL YouTube channel to make sure you catch all the best bits from Scottish league football. Scottish football is famous for passionate and exciting matches featuring top teams like Celtic, Rangers, Aberdeen, Hearts, Hibs and Dundee United.

The top league is called the Scottish Premiership. Below the top level, there are a further three leagues -- the Scottish Championship, Scottish League 1 and Scottish League 2.",06:01,https://www.youtube.com/watch?v=UlELKvluksA
Heart of Midlothian 2-0 Aberdeen | HIGHLIGHTS | William Hill Premiership,"Hearts start their William Hill Premiership campaign with a win over Aberdeen at Tynecastle.

Subscribe to the SPFL YouTube here!: http://goo.gl/jq3jXN
Like us on Facebook: http://www.facebook.com/spflofficial
Follow us on Twitter: https://twitter.com/spfl & https://twitter.com/spflnews

SCOTTISH PREMIERSHIP CONTENT AVAILABILITY INFORMATION - GOALS FROM SATURDAY'S MATCHES WILL BE AVAILABLE IN THE UK & IRELAND FROM 6PM ON SUNDAY. 
GOALS FROM ALL OTHER MATCHDAYS WILL BE AVAILABLE TO VIEW WORLDWIDE FROM MIDNIGHT AFTER THE MATCH.

The SPFL is the leading sporting competition in Scotland, covering the top 42 football teams in the country. Subscribe to the official SPFL YouTube channel to make sure you catch all the best bits from Scottish league football. Scottish football is famous for passionate and exciting matches featuring top teams like Celtic, Rangers, Aberdeen, Hearts, Hibs and Dundee United.

The top league is called the Scottish Premiership. Below the top level, there are a further three leagues -- the Scottish Championship, Scottish League 1 and Scottish League 2.",04:41,https://www.youtube.com/watch?v=5M5qjk_iZ8k
